{
  "hash": "24be5bc8",
  "configHash": "0c5ca03e",
  "lockfileHash": "17857c9b",
  "browserHash": "15b37fc7",
  "optimized": {
    "@angular/core": {
      "src": "../../../../../node_modules/@angular/core/fesm2022/core.mjs",
      "file": "@angular_core.js",
      "fileHash": "3f84a169",
      "needsInterop": false
    },
    "@angular/platform-browser": {
      "src": "../../../../../node_modules/@angular/platform-browser/fesm2022/platform-browser.mjs",
      "file": "@angular_platform-browser.js",
      "fileHash": "fdb8c0da",
      "needsInterop": false
    },
    "@angular/router": {
      "src": "../../../../../node_modules/@angular/router/fesm2022/router.mjs",
      "file": "@angular_router.js",
      "fileHash": "97e8be1d",
      "needsInterop": false
    }
  },
  "chunks": {
    "chunk-L6VIMCJS": {
      "file": "chunk-L6VIMCJS.js"
    },
    "chunk-5FUJWLSI": {
      "file": "chunk-5FUJWLSI.js"
    }
  }
}